name,age,stand,debut,departure
Jonathan Joestar,"
Age
12[2](Vol. 1 Ch. 1-5)20 (Ch. 6 onwards)
","
Stand
Joestar Stand (postmortem)
","
Manga Debut
Chapter 1 - Prologue
","
FinalAppearance
Chapter 44 - Fire and Ice, Jonathan and Dio, Part 6
"
Will Anthonio Zeppeli,"
Age
50
",No Stand,"
Manga Debut
Chapter 18 - Jack the Ripper and Zeppeli the Strange, Part 1
","
FinalAppearance
Chapter 35 - Pluck for Tomorrow and the Successor, Part 3
"
Robert E. O. Speedwagon,"
Age
25 (Part 1)75 (Part 2)89 at death[1]
",No Stand,"
Manga Debut
Chapter 8 - The Stone Mask, Part 1
","
FinalAppearance
Chapter 113 - The Man Who Crossed the Atlantic
"
Erina Pendleton,"
Age
~19 (Part 1)~70 (Part 2)81 at death[1]
",No Stand,"
Manga Debut
Chapter 1 - Prologue
","
FinalAppearance
Chapter 113 - The Man Who Crossed the Atlantic
"
Poco,Age not Confirmed,No Stand,"
Manga Debut
Chapter 24 - Ripple Overdrive, Part 2
","
FinalAppearance
Chapter 41 - Fire and Ice, Jonathan and Dio, Part 3
"
George Joestar I,Age not Confirmed,No Stand,"
Manga Debut
Chapter 1 - Prologue
","
FinalAppearance
Chapter 12 - Youth with Dio, Part 1
"
Tonpetty,Age not Confirmed,No Stand,"
Manga Debut
Chapter 32 - The Medieval Knights' Training Ground for Murder  (Appears in flashback(s))Chapter 36 - The Three from a Faraway Land, Part 1  (1st full appearance)
","
FinalAppearance
Chapter 41 - Fire and Ice, Jonathan and Dio, Part 3
"
Straizo,"
Age
25 (Part 1)75 (Part 2)[2]
",No Stand,"
Manga Debut
Chapter 36 - The Three from a Faraway Land, Part 1
","
FinalAppearance
Chapter 52 - Straizo VS Joseph, Part 5  (Death)Chapter 96 - The Wind, the Chariot, and Wamuu, Part 2  (Photo only)
"
Dire,Age not Confirmed,No Stand,"
Manga Debut
Chapter 36 - The Three from a Faraway Land, Part 1
","
FinalAppearance
Chapter 38 - The Three from a Faraway Land, Part 3
"
Dio Brando,"
Age
20~21 (Part 1)122~123 (Part 3)
","
Stand
The WorldJonathan's Stand
","
Manga Debut
Chapter 1Prologue
","
FinalAppearance
Chapter 264DIO's World (18)
"
Wang Chan,Age not Confirmed,No Stand,"
Manga Debut
Chapter 7 - A Letter from the Past, Part 2  (Appears in flashback(s))Chapter 10 - The Stone Mask, Part 3  (1st full appearance)
","
FinalAppearance
Chapter 43 - Fire and Ice, Jonathan and Dio, Part 5
"
Jack the Ripper,Age not Confirmed,No Stand,"
Manga Debut
Chapter 6 - A Letter from the Past, Part 1  (First mentioned)Chapter 18 - Jack the Ripper and Zeppeli the Strange, Part 1  (First appearance)
","
FinalAppearance
Chapter 24 - Ripple Overdrive, Part 2
"
Tarkus,"
Age
300+
",No Stand,"
Manga Debut
Chapter 26 - Tarkus and the Dark Knight Bruford, Part 1
","
FinalAppearance
Chapter 35 - Pluck for Tomorrow and the Successor, Part 3
"
Bruford,"
Age
300+
",No Stand,"
Manga Debut
Chapter 26 - Tarkus and the Dark Knight Bruford, Part 1
","
FinalAppearance
Chapter 30 - Sleep as a Hero
"
Dario Brando,"
Age
52-53
",No Stand,"
Manga Debut
Chapter 1Prologue
","
FinalAppearance
Chapter 12Youth with Dio (1)
"
Joseph Joestar,"
Age
18 (Part 2)[1]69 (Part 3)[2] 79 (Part 4)[3]
","
Stand
Hermit Purple
","
Manga Debut
Chapter 45New York's Joseph Joestar (1)
","
FinalAppearance
Chapter 439Goodbye, Morioh Town -The Golden Heart
"
Caesar Anthonio Zeppeli,"
Age
20[1]
",No Stand,"
Manga Debut
Chapter 62 - The Pillar Man, Santana, Part 9
","
FinalAppearance
Chapter 92 - Caesar: A Lonely Youth, Part 5
"
Lisa Lisa,"
Age
~2 months old (Part 1)50 (Part 2)[1]
",No Stand,"
Manga Debut
Chapter 43 - Fire and Ice, Jonathan and Dio, Part 5 (baby)Chapter 71 - Ripple Teacher Lisa Lisa, Part 1 (adult)
","
FinalAppearance
Chapter 113 - The Man Who Crossed the Atlantic
"
Rudol von Stroheim,Age not Confirmed,No Stand,"
Manga Debut
Chapter 52 - Straizo VS Joseph, Part 5  (as human)Chapter 84 - Stroheim's Unit Strikes Back, Part 2  (as cyborg)
","
FinalAppearance
Chapter 61 - The Pillar Man, Santana, Part 8  (as human)Chapter 113 - The Man Who Crossed the Atlantic  (as cyborg)
"
Messina,Age not Confirmed,No Stand,"
Manga Debut
Chapter 75 - Ripple Teacher Lisa Lisa, Part 5
","
FinalAppearance
Chapter 113 - The Man Who Crossed the Atlantic
"
Loggins,Age not Confirmed,No Stand,"
Manga Debut
Chapter 75 - Ripple Teacher Lisa Lisa, Part 5
","
FinalAppearance
Chapter 76 - Ripple Teacher Lisa Lisa, Part 6
"
Smokey Brown,Age not Confirmed,No Stand,"
Manga Debut
Chapter 45 - Joseph Joestar of New York, Part 1
","
FinalAppearance
Chapter 113 - The Man Who Crossed the Atlantic
"
Suzi Q,Age not Confirmed,No Stand,"
Manga Debut
Chapter 81 - The Remains Lurk, Part 1
","
FinalAppearance
Chapter 265 - The Faraway Journey, Farewell Friends
"
Kars,"
Age
~102,000
",No Stand,"
Manga Debut
Chapter 64 - The Red Stone of Aja
","
FinalAppearance
Chapter 113 - The Man Who Crossed the Atlantic
"
Esidisi,"
Age
~92,000[1]
",No Stand,"
Manga Debut
Chapter 61 - The Pillar Man, Santana, Part 8  (cameo)Chapter 64 - The Red Stone of Aja  (1st full appearance)
","
FinalAppearance
Chapter 80 - Flame Mode Esidisi, Part 3  (physical body)Chapter 82 - The Remains Lurk, Part 2  (brain)
"
Wamuu,"
Age
~12,000[1]
",No Stand,"
Manga Debut
Chapter 61 - The Pillar Man, Santana, Part 8  (cameo)Chapter 64 - The Red Stone of Aja  (1st full appearance)
","
FinalAppearance
Chapter 104 - The Warrior Returns to the Wind
"
Santana,"
Age
~10,000[2][3]
",No Stand,"
Manga Debut
Chapter 46 - Joseph Joestar of New York, Part 2
","
FinalAppearance
Chapter 62 - The Pillar Man, Santana, Part 9Chapter 112 - The Man Who Became a God  (Appears in flashback(s))
"
Straizo,"
Age
25 (Part 1)75 (Part 2)[2]
",No Stand,"
Manga Debut
Chapter 36 - The Three from a Faraway Land, Part 1
","
FinalAppearance
Chapter 52 - Straizo VS Joseph, Part 5  (Death)Chapter 96 - The Wind, the Chariot, and Wamuu, Part 2  (Photo only)
"
Donovan,Age not Confirmed,No Stand,"
Manga Debut
Chapter 55 - The Pillar Man, Santana, Part 2
","
FinalAppearance
Chapter 56 - The Pillar Man, Santana, Part 3
"
Wired Beck,Age not Confirmed,No Stand,"
Manga Debut
Chapter 94 - Climb Out of the Fortified Hotel
","
FinalAppearance
Chapter 94 - Climb Out of the Fortified Hotel
"
Mark,Age not Confirmed,No Stand,"
Manga Debut
Chapter 65 - Ultimate Warriors from Ancient Times, Part 1
","
FinalAppearance
Chapter 66 - Ultimate Warriors from Ancient Times, Part 2
"
Mario Zeppeli,Age not Confirmed,No Stand,"
Manga Debut
Chapter 89 - Caesar: A Lonely Youth, Part 2  (Appears in flashback(s))
","
FinalAppearance
Chapter 89 - Caesar: A Lonely Youth, Part 2  (Appears in flashback(s))
"
George Joestar II,Age not Confirmed,No Stand,"
Manga Debut
Chapter 108 - JoJo: The Final Ripple, Part 2
","
FinalAppearance
Chapter 108 - JoJo: The Final Ripple, Part 2
"
Jotaro Kujo,"
Age
17 (Part 3)[2]28 (Part 4)[3]~30 (Part 5)40 (Part 6)[4]
","
Stand
Star PlatinumSpoilerStar Platinum: The World
","
Manga Debut
Chapter 113 - The Man Who Crossed the Atlantic  (Mentioned only)Chapter 114 - Jotaro Kujo, Part 1  (1st full appearance)
","
FinalAppearance
SO Chapter 154 - Made in Heaven, Part 6SO Chapter 158 - What a Wonderful World  (In spirit)
"
Muhammad Avdol,"
Age
Late 20s[2]
","
Stand
Magician's Red
","
Manga Debut
Chapter 115 - Jotaro Kujo, Part 2
","
FinalAppearance
Chapter 239 - The Mist of Emptiness, Vanilla Ice, Part 2
"
Noriaki Kakyoin,"
Age
17[2]
","
Stand
Hierophant Green
","
Manga Debut
Chapter 117 - The Man with the Star Birthmark
","
FinalAppearance
Chapter 254 - DIO's World, Part 8
"
Jean Pierre Polnareff,"
Age
~22 (Part 3)36 (Part 5)[3]
","
Stand
Silver ChariotAnubis (temporarily)Chariot Requiem
","
Manga Debut
Chapter 124 - Silver Chariot, Part 1
","
FinalAppearance
Chapter 594 - Sleeping Slaves, Part 5
"
Iggy,Age not Confirmed,"
Stand
The Fool
","
Manga Debut
Chapter 183 - 'The Fool' Iggy and 'God Geb' N'Doul, Part 1
","
FinalAppearance
Chapter 244 - The Mist of Emptiness, Vanilla Ice, Part 7
"
Holy Kujo,"
Age
45[1]
","
Stand
Holy's Stand
","
Manga Debut
Chapter 114 - Jotaro Kujo, Part 1
","
FinalAppearance
Chapter 265 - The Faraway Journey, Farewell Friends
"
Anne,Age not Confirmed,No Stand,"
Manga Debut
Chapter 127 - Dark Blue Moon, Part 1
","
FinalAppearance
Chapter 154 - Justice, Part 1
"
Roses,Age not Confirmed,No Stand,"
Manga Debut
Chapter 246 - Suzi Q Joestar Visits Her Daughter
","
FinalAppearance
Chapter 246 - Suzi Q Joestar Visits Her Daughter
"
Enya the Hag,Age not Confirmed,"
Stand
Justice
","
Manga Debut
Chapter 130 - Strength, Part 1
","
FinalAppearance
Chapter 161 - Lovers, Part 2
"
Vanilla Ice,Age not Confirmed,"
Stand
Cream
","
Manga Debut
Chapter 238 - The Mist of Emptiness, Vanilla Ice, Part 1
","
FinalAppearance
Chapter 245 - The Mist of Emptiness, Vanilla Ice, Part 8Chapter 247 - DIO's World, Part 1  (Appears in flashback(s))
"
Hol Horse,Age not Confirmed,"
Stand
Emperor
","
Manga Debut
Chapter 141 - Emperor and Hanged Man, Part 2
","
FinalAppearance
Chapter 221 - Hol Horse and Boingo, Part 5
"
Nukesaku,Age not Confirmed,No Stand,"
Manga Debut
Chapter 247 - DIO's World, Part 1
","
FinalAppearance
Chapter 249 - DIO's World, Part 3
"
Pet Shop,Age not Confirmed,"
Stand
Horus
","
Manga Debut
Chapter 222 - The Gatekeeper of Hell, Pet Shop, Part 1
","
FinalAppearance
Chapter 226 - The Gatekeeper of Hell, Pet Shop, Part 5
"
Mariah,Age not Confirmed,"
Stand
Bastet
","
Manga Debut
Chapter 199 - 'Goddess Bastet' Mariah, Part 1
","
FinalAppearance
Chapter 204 - 'Goddess Bastet' Mariah, Part 6
"
Alessi,"
Age
38[2]
","
Stand
Sethan
","
Manga Debut
Chapter 204 - 'Goddess Bastet' Mariah, Part 6
","
FinalAppearance
Chapter 209 - 'God Sethan' Alessi, Part 5
"
Oingo,Age not Confirmed,"
Stand
Khnum
","
Manga Debut
Chapter 189 - 'God Khnum' Oingo and 'God Tohth' Boingo, Part 1
","
FinalAppearance
Chapter 192 - 'God Khnum' Oingo and 'God Tohth' Boingo, Part 4
"
Boingo,Age not Confirmed,"
Stand
Tohth
","
Manga Debut
Chapter 189'God Khnum' Oingo and'God Tohth' Boingo (1)
","
FinalAppearance
Chapter 221Hol Horse and Boingo (5)
"
Anubis,Age not Confirmed,No Stand,No stated Manga departure,"
FinalAppearance
Chapter 221Hol Horse and Boingo (5)
"
Kenny G.,Age not Confirmed,"
Stand
Tenore Sax
","
Manga Debut
Chapter 239 - The Mist of Emptiness, Vanilla Ice, Part 2
","
FinalAppearance
Chapter 239 - The Mist of Emptiness, Vanilla Ice, Part 2Chapter 247 - DIO's World, Part 1  (Appears in flashback(s))
"
Gray Fly,Age not Confirmed,"
Stand
Tower of Gray
","
Manga Debut
Chapter 123 - Tower of Gray
","
FinalAppearance
Chapter 124 - Silver Chariot, Part 1
"
Impostor Captain Tennille,Age not Confirmed,"
Stand
Dark Blue Moon
","
Manga Debut
Chapter 128 - Dark Blue Moon, Part 2
","
FinalAppearance
Chapter 129 - Dark Blue Moon, Part 3
"
Forever,Age not Confirmed,"
Stand
Strength
","
Manga Debut
Chapter 130 - Strength, Part 1
","
FinalAppearance
Chapter 132 - Strength, Part 3
"
Devo,Age not Confirmed,"
Stand
Ebony Devil
","
Manga Debut
Chapter 133 - The Devil, Part 1
","
FinalAppearance
Chapter 135 - The Devil, Part 3
"
Rubber Soul,Age not Confirmed,"
Stand
Yellow Temperance
","
Manga Debut
Chapter 136 - Yellow Temperance, Part 1
","
FinalAppearance
Chapter 139 - Yellow Temperance, Part 4
"
J. Geil,Age not Confirmed,"
Stand
Hanged Man
","
Manga Debut
Chapter 127 - Dark Blue Moon, Part 1  (Appears in flashback(s))Chapter 140 - Emperor and Hanged Man, Part 1  (1st full appearance)
","
FinalAppearance
Chapter 145 - Emperor and Hanged Man, Part 6
"
Nena,Age not Confirmed,"
Stand
Empress
","
Manga Debut
Chapter 141 - Emperor and Hanged Man, Part 2Chapter 149 - Empress, Part 4  (1st full appearance)
","
FinalAppearance
Chapter 149 - Empress, Part 4
"
ZZ,Age not Confirmed,"
Stand
Wheel of Fortune
","
Manga Debut
Chapter 150 - Wheel of Fortune, Part 1
","
FinalAppearance
Chapter 154 - Justice, Part 1
"
Steely Dan,Age not Confirmed,"
Stand
Lovers
","
Manga Debut
Chapter 160 - Lovers, Part 1
","
FinalAppearance
Chapter 165 - Lovers, Part 6
"
Arabia Fats,Age not Confirmed,"
Stand
Sun
","
Manga Debut
Chapter 167 - Sun, Part 2
","
FinalAppearance
Chapter 167 - Sun, Part 2
"
Mannish Boy,"
Age
11 months [2]
","
Stand
Death Thirteen
","
Manga Debut
Chapter 168 - Death Thirteen, Part 1
","
FinalAppearance
Chapter 173 - Death Thirteen, Part 6
"
Cameo,Age not Confirmed,"
Stand
Judgement
","
Manga Debut
Chapter 178 - Judgement, Part 5
","
FinalAppearance
Chapter 178 - Judgement, Part 5
"
Midler,Age not Confirmed,"
Stand
High Priestess
","
Manga Debut
Chapter 179 - High Priestess, Part 1  (Voice only)Chapter 182 - High Priestess, Part 4  (1st full appearance)
","
FinalAppearance
Chapter 182 - High Priestess, Part 4
"
Chaka,Age not Confirmed,"
Stand
Anubis (temporarily)
","
Manga Debut
Chapter 193 - 'God Anubis', Part 1
","
FinalAppearance
Chapter 194 - 'God Anubis', Part 2
"
Khan,Age not Confirmed,"
Stand
Anubis (temporarily)
","
Manga Debut
Chapter 195 - 'God Anubis', Part 3
","
FinalAppearance
Chapter 196 - 'God Anubis', Part 4
"
Josuke Higashikata,"
Age
16[1] (Part 4)23[2] (Louvre)
","
Stand
Crazy Diamond
","
Manga Debut
Chapter 266 - Jotaro Kujo! Meets Josuke Higashikata, Part 1
","
FinalAppearance
Chapter 439 - Goodbye, Morioh Town - The Golden Heart
"
Okuyasu Nijimura,"
Age
16 (Part 4)[1]23 (Louvre)
","
Stand
The Hand
","
Manga Debut
Chapter 274 - The Nijimura Brothers, Part 1
","
FinalAppearance
Chapter 439 - Goodbye, Morioh Town - The Golden Heart
"
Koichi Hirose,"
Age
15[2] (Part 4)18[3] (Part 5)22[4] (Louvre)
","
Stand
Echoes
","
Manga Debut
Chapter 266 - Jotaro Kujo! Meets Josuke Higashikata, Part 1
","
FinalAppearance
Chapter 455 - Joining the Gang, Part 6
"
Rohan Kishibe,"
Age
20 (Part 4)[2]27 (TSKR 2 & 5, Louvre)
","
Stand
Heaven's Door Cheap Trick (Temporary) Gucci Bag Stand (Temporary)
","
Manga Debut
Chapter 318 - Let's Go Play at the Mangaka's House, Part 1
","
FinalAppearance
Chapter 439 - Goodbye, Morioh Town - The Golden HeartTSKR The Run  (One-shot)
"
Hayato Kawajiri,"
Age
11[1]
",No Stand,"
Manga Debut
Chapter 370 - Yoshikage Kira's New Situation, Part 1
","
FinalAppearance
Chapter 439 - Goodbye, Morioh Town - The Golden Heart
"
Reimi Sugimoto,"
Age
16[1]
",No Stand,"
Manga Debut
Chapter 330 - Rohan Kishibe's Adventure, Part 1
","
FinalAppearance
Chapter 439 - Goodbye, Morioh Town - The Golden Heart
"
Shigekiyo Yangu,"
Age
13-14[2]
","
Stand
Harvest
","
Manga Debut
Chapter 335 - 'Shigechi's' Harvest, Part 1
","
FinalAppearance
Chapter 347 - People of Morioh Town
"
Mikitaka Hazekura,"
Age
216 (Self-Proclaimed)[1]
","
Stand
Earth Wind and Fire
","
Manga Debut
Chapter 377 - Yoshikage Kira's New Situation, Part 2
","
FinalAppearance
Chapter 439 - Goodbye, Morioh Town - The Golden Heart
"
Yukako Yamagishi,Age not Confirmed,"
Stand
Love Deluxe
","
Manga Debut
Chapter 294 - Yukako Yamagishi Falls in Love, Part 1
","
FinalAppearance
Chapter 439 - Goodbye, Morioh Town - The Golden HeartTSKR D.N.A  (One-shot)
"
Yuya Fungami,Age not Confirmed,"
Stand
Highway Star
","
Manga Debut
Chapter 390 - Highway Star, Part 7
","
FinalAppearance
Chapter 439 - Goodbye, Morioh Town - The Golden Heart
"
Tamami Kobayashi,"
Age
20[1]
","
Stand
The Lock
","
Manga Debut
Chapter 284 - Koichi Hirose (Echoes), Part 1
","
FinalAppearance
Chapter 439 - Goodbye, Morioh Town - The Golden HeartThus Spoke Kishibe RohanEpisode 2: Mutsu-kabe Hill
"
Toshikazu Hazamada,Age not Confirmed,"
Stand
Surface
","
Manga Debut
Chapter 290 - Toshikazu Hazamada (Surface), Part 2
","
FinalAppearance
Chapter 439 - Goodbye, Morioh Town - The Golden Heart
"
Tonio Trussardi,"
Age
29[1] (Poaching Seashore)
","
Stand
Pearl Jam
","
Manga Debut
Chapter 303 - Let's Go Eat Some Italian Food, Part 1
","
FinalAppearance
Chapter 439 - Goodbye, Morioh Town - The Golden HeartThus Spoke Kishibe RohanEpisode 6: Poaching Seashore
"
Aya Tsuji,Age not Confirmed,"
Stand
Cinderella
","
Manga Debut
Chapter 348 - Yukako Yamagishi Dreams of Cinderella, Part 1
","
FinalAppearance
Chapter 364 - Sheer Heart Attack, Part 11
"
Tomoko Higashikata,"
Age
37[1]
",No Stand,"
Manga Debut
Chapter 268 - Jotaro Kujo! Meets Josuke Higashikata, Part 3
","
FinalAppearance
Chapter 406 - Enigma Boy, Part 3
"
Ryohei Higashikata,"
Age
55[1]
",No Stand,"
Manga Debut
Chapter 268 - Jotaro Kujo! Meets Josuke Higashikata, Part 3
","
FinalAppearance
Chapter 270 - Josuke Higashikata! Meets Angelo, Part 2  (Death)Chapter 271 - Josuke Higashikata! Meets Angelo, Part 3  (Photo only)
"
Shinobu Kawajiri,Age not Confirmed,No Stand,"
Manga Debut
Chapter 369 - Atom Heart Father, Part 5
","
FinalAppearance
Chapter 439 - Goodbye, Morioh Town - The Golden Heart
"
Yoshikage Kira,"
Age
33[2]
","
Stand
Killer Queen
","
Manga Debut
Chapter 334 - Rohan Kishibe's Adventure, Part 5
","
FinalAppearance
Chapter 439 - Goodbye, Morioh Town - The Golden Heart  (Death)One-ShotDead Man's Questions  (As Ghost)
"
Yoshihiro Kira,Age not Confirmed,"
Stand
Atom Heart Father
","
Manga Debut
Chapter 365 - Atom Heart Father, Part 1
","
FinalAppearance
Chapter 433 - Crazy Diamond is Unbreakable, Part 6
"
Keicho Nijimura,"
Age
18[1]
","
Stand
Bad Company
","
Manga Debut
Chapter 274 - The Nijimura Brothers, Part 1  (Shadowed)Chapter 276 - The Nijimura Brothers, Part 3  (1st full appearance)
","
FinalAppearance
Chapter 283 - The Nijimura Brothers, Part 10  (Death)Chapter 435 - Crazy Diamond is Unbreakable, Part 8  (Ghost)
"
Akira Otoishi,"
Age
19[1]
","
Stand
Red Hot Chili Pepper
","
Manga Debut
Chapter 283 - The Nijimura Brothers, Part 10  (Voice only)Chapter 311 - Red Hot Chili Pepper, Part 5  (1st full appearance)
","
FinalAppearance
Chapter 314 - Red Hot Chili Pepper, Part 8Thus Spoke Kishibe RohanEpisode 2: Mutsu-kabe Hill
"
Anjuro Katagiri,"
Age
34[2]
","
Stand
Aqua Necklace
","
Manga Debut
Chapter 269 - Josuke Higashikata! Meets Angelo, Part 1
","
FinalAppearance
Chapter 274 - The Nijimura Brothers, Part 1
"
Ken Oyanagi,"
Age
11[1]
","
Stand
Boy II Man
","
Manga Debut
Chapter 371 - Janken Boy Is Coming!, Part 1
","
FinalAppearance
Chapter 376 - Janken Boy Is Coming!, Part 6
"
Toyohiro Kanedaichi,Age not Confirmed,"
Stand
Super Fly
","
Manga Debut
Chapter 398 - Let's Live on a Transmission Tower, Part 1
","
FinalAppearance
Chapter 403 - Let's Live on a Transmission Tower, Part 6
"
Terunosuke Miyamoto,Age not Confirmed,"
Stand
Enigma
","
Manga Debut
Chapter 404 - Enigma Boy, Part 1
","
FinalAppearance
Chapter 409 - Enigma Boy, Part 6
"
Masazo Kinoto,"
Age
~29
","
Stand
Cheap Trick
","
Manga Debut
Chapter 412 - Cheap Trick, Part 1
","
FinalAppearance
Chapter 413 - Cheap Trick, Part 2
"
Giorno Giovanna,"
Age
15[1]
","
Stand
Gold ExperienceSpoilerGold Experience Requiem
","
Manga Debut
Chapter 440 - Gold Experience, Part 1
","
FinalAppearance
Chapter 594 - Sleeping Slaves, Part 5
"
Bruno Bucciarati,"
Age
20[1]
","
Stand
Sticky Fingers
","
Manga Debut
Chapter 443 - Bucciarati Is Coming, Part 1
","
FinalAppearance
Chapter 585 - King of KingsChapter 594 - Sleeping Slaves, Part 5  (Appears in flashback(s))
"
Leone Abbacchio,"
Age
21[1]
","
Stand
Moody Blues
","
Manga Debut
Chapter 456 - 5 Plus 1
","
FinalAppearance
Chapter 550 - Beneath a Sky on the Verge of FallingChapter 591 - Sleeping Slaves, Part 2  (Appears in flashback(s))
"
Guido Mista,"
Age
18[1]
","
Stand
Sex Pistols
",No stated Manga departure,"
FinalAppearance
Chapter 550 - Beneath a Sky on the Verge of FallingChapter 591 - Sleeping Slaves, Part 2  (Appears in flashback(s))
"
Narancia Ghirga,"
Age
17[1]
","
Stand
Aerosmith
","
Manga Debut
Chapter 456 - 5 Plus 1
","
FinalAppearance
Chapter 577 - The Requiem Quietly Plays, Part 6Chapter 591 - Sleeping Slaves, Part 2  (Appears in flashback(s))
"
Pannacotta Fugo,"
Age
16[1]
","
Stand
Purple HazePurple Haze Distortion (Novel Only)
","
Manga Debut
Chapter 456 - 5 Plus 1
","
FinalAppearance
Chapter 523 - The Mystery of King Crimson, Part 6Chapter 594 - Sleeping Slaves, Part 5  (Appears in flashback(s))
"
Trish Una,"
Age
15[3]
","
Stand
Spice Girl
","
Manga Debut
Chapter 468 - The Hidden Six-Hundred Million Yen Stash
","
FinalAppearance
Chapter 594 - Sleeping Slaves, Part 5
"
Coco Jumbo,Age not Confirmed,"
Stand
Mr.President
","
Manga Debut
Chapter 486 - Express Train to Florence, Part 1
","
FinalAppearance
Chapter 594 - Sleeping Slaves, Part 5
"
Pericolo,Age not Confirmed,No Stand,"
Manga Debut
Chapter 468 - The Hidden Six-Hundred Million Yen Stash
","
FinalAppearance
Chapter 507 - Head to Venice!
"
Diavolo,"
Age
~33[2]
","
Stand
King Crimson
","
Manga Debut
Chapter 510 - White Album, Part 2  (Shadowed)Chapter 570 - His Name Is Diavolo, Part 2  (1st full appearance)
","
FinalAppearance
Chapter 588 - Gold Experience Requiem, Part 3
"
Vinegar Doppio,"
Age
33
","
Stand
King Crimson (Shared with Diavolo)(Only arms and Epitaph)
","
Manga Debut
Chapter 541 - Storm Warning in Sardinia Island!
","
FinalAppearance
Chapter 577 - The Requiem Quietly Plays, Part 6
"
Squalo and Tiziano,Age not Confirmed,"
Stand
Clash and Talking Head
","
Manga Debut
Chapter 525 - Clash and Talking Head, Part 1
","
FinalAppearance
Chapter 531 - Clash and Talking Head, Part 7
"
Carne,Age not Confirmed,"
Stand
Notorious B.I.G
","
Manga Debut
Chapter 532 - No Flightcode! Headed for Sardinia
","
FinalAppearance
Chapter 533 - Notorious B.I.G, Part 1
"
Cioccolata,"
Age
34[1]
","
Stand
Green Day
","
Manga Debut
Chapter 552 - Pronto! On the Line, Part 2
","
FinalAppearance
Chapter 562 - 'Green Day' and 'Oasis', Part 9Chapter 563 - 'Green Day' and 'Oasis', Part 10  (Voice only)
"
Secco,Age not Confirmed,"
Stand
Oasis
","
Manga Debut
Chapter 552 - Pronto! On the Line, Part 2  (First mentioned)Chapter 553 - Destination: Rome! The Colosseum
","
FinalAppearance
Chapter 567 - 'Green Day' and 'Oasis', Part 14
"
Polpo,Age not Confirmed,"
Stand
Black Sabbath
","
Manga Debut
Chapter 448 - Meet the Gangster Behind the Wall, Part 1
","
FinalAppearance
Chapter 455 - Joining the Gang, Part 6
"
Mario Zucchero,"
Age
24
","
Stand
Soft Machine
","
Manga Debut
Chapter 457 - Find Polpo's Fortune!
","
FinalAppearance
Chapter 462 - Sex Pistols Appears, Part 1
"
Sale,Age not Confirmed,"
Stand
Kraft Work
","
Manga Debut
Chapter 457 - Find Polpo's Fortune!
","
FinalAppearance
Chapter 467 - Sex Pistols Appears, Part 6
"
Risotto Nero,"
Age
28[1]
","
Stand
Metallica
","
Manga Debut
Chapter 542 - My Name Is Doppio, Part 1
","
FinalAppearance
Chapter 548 - King Crimson vs. Metallica, Part 5
"
Formaggio,Age not Confirmed,"
Stand
Little Feet
","
Manga Debut
Chapter 469 - Capo Bucciarati; The First Order from the Boss
","
FinalAppearance
Chapter 477 - Narancia's Aerosmith, Part 8
"
Illuso,Age not Confirmed,"
Stand
Man in the Mirror
","
Manga Debut
Chapter 478 - The Second Order from the Boss: 'Retrieve the Key!'
","
FinalAppearance
Chapter 485 - Man in the Mirror and Purple Haze, Part 7
"
Prosciutto,Age not Confirmed,"
Stand
The Grateful Dead
","
Manga Debut
Chapter 486 - Express Train to Florence, Part 1  (Shadowed)Chapter 491 - The Grateful Dead, Part 4  (1st full appearance)
","
FinalAppearance
Chapter 499 - The Grateful Dead, Part 12
"
Pesci,Age not Confirmed,"
Stand
Beach Boy
","
Manga Debut
Chapter 486 - Express Train to Florence, Part 1
","
FinalAppearance
Chapter 499 - The Grateful Dead, Part 12
"
Melone,Age not Confirmed,"
Stand
Baby Face
","
Manga Debut
Chapter 500 - Baby Face, Part 1
","
FinalAppearance
Chapter 507 - Head to Venice!
"
Ghiaccio,Age not Confirmed,"
Stand
White Album
","
Manga Debut
Chapter 507 - Head to Venice!
","
FinalAppearance
Chapter 515 - White Album, Part 7
"
Scolippi,Age not Confirmed,"
Stand
Rolling Stones
","
Manga Debut
Chapter 591 - Sleeping Slaves, Part 2
","
FinalAppearance
Chapter 594 - Sleeping Slaves, Part 5
"
Jolyne Cujoh,"
Age
19[3]
","
Stand
Stone Free
","
Manga Debut
SO Chapter 1 - Stone Ocean, Part 1
","
FinalAppearance
SO Chapter 155 - Made in Heaven, Part 7  (Death)SO Chapter 158 - What a Wonderful World  (In Spirit)
"
Ermes Costello,"
Age
21[3]
","
Stand
Kiss
","
Manga Debut
SO Chapter 1 - Stone Ocean, Part 1
","
FinalAppearance
SO Chapter 154 - Made in Heaven, Part 6 (Death)SO Chapter 158 - What a Wonderful World (In Spirit)
"
Foo Fighters,"
Age
Unknown (in a 20-year-old body[3])
","
Stand
Foo Fighters (itself)
","
Manga Debut
SO Chapter 26 - There's Six of Them!, Part 1
","
FinalAppearance
SO Chapter 95 - New Moon! New Priest
"
Narciso Anasui,"
Age
25[3]
","
Stand
Diver Down
","
Manga Debut
SO Chapter 24 - Ermes' Sticker, Part 4
","
FinalAppearance
SO Chapter 154 - Made in Heaven, Part 6 (Death)SO Chapter 158 - What a Wonderful World (In spirit)
"
Weather Report,"
Age
~39[1]
","
Stand
Weather ReportHeavy Weather
","
Manga Debut
SO Chapter 24 - Ermes' Sticker, Part 4
","
FinalAppearance
SO Chapter 137 - Heavy Weather, Part 13 (Death)SO Chapter 158 - What a Wonderful World (In Spirit)
"
Gwess,"
Age
22[2]
","
Stand
Goo Goo Dolls
","
Manga Debut
SO Chapter 4 - Prisoner FE40536: Jolyne Cujoh, Part 1
","
FinalAppearance
SO Chapter 98 - Jail House Lock!, Part 3
"
Irene,Age not Confirmed,No Stand,"
Manga Debut
SO Chapter 158 - What a Wonderful World
","
FinalAppearance
SO Chapter 158 - What a Wonderful World
"
Annakiss,Age not Confirmed,No Stand,"
Manga Debut
SO Chapter 158 - What a Wonderful World
","
FinalAppearance
SO Chapter 158 - What a Wonderful World
"
Enrico Pucci,"
Age
~39[2]
","
Stand
WhitesnakeC-MoonMade in Heaven
","
Manga Debut
SO Chapter 33 - Foo Fighters, Part 3
","
FinalAppearance
SO Chapter 158 - What a Wonderful World
"
Donatello Versus,"
Age
25[1]
","
Stand
Under World
","
Manga Debut
SO Chapter 111 - Long Time No See, Romeo
","
FinalAppearance
SO Chapter 137 - Heavy Weather, Part 13
"
Rikiel,"
Age
22-23
","
Stand
Sky High
","
Manga Debut
SO Chapter 111Long Time No See, Romeo
","
FinalAppearance
SO Chapter 117Sky High (6)
"
Ungalo,"
Age
22-23
","
Stand
Bohemian Rhapsody
","
Manga Debut
SO Chapter 103Three Men in the Hospital
","
FinalAppearance
SO Chapter 110Bohemian Rhapsody (7) (Death)SO Chapter 111Long Time No See, Romeo (Appears in flashback(s))
"
The Green Baby,"
Age
One day old[1]
","
Stand
Green, Green Grass of Home
","
Manga Debut
SO Chapter 77 - Birth of the 'Green', Part 2
","
FinalAppearance
SO Chapter 95 - New Moon! New Priest
"
Johngalli A,"
Age
35[2]
","
Stand
Manhattan Transfer
","
Manga Debut
SO Chapter 12 - The Visitor, Part 2
","
FinalAppearance
SO Chapter 20 - Prisoner of Love
"
Sports Maxx,Age not Confirmed,"
Stand
Limp Bizkit
","
Manga Debut
SO Chapter 51 - Kiss of Love & Revenge, Part 1
","
FinalAppearance
SO Chapter 57 - Kiss of Love & Revenge, Part 7 (Death)SO Chapter 58 - Ultra Security Solitary (Appears in flashback(s))
"
Miuccia Miuller,"
Age
25[3]
","
Stand
Jail House Lock
","
Manga Debut
SO Chapter 96 - Jail House Lock!, Part 1
","
FinalAppearance
SO Chapter 102 - Escape...
"
Miraschon,Age not Confirmed,"
Stand
Marilyn Manson
","
Manga Debut
SO Chapter 34 - Marilyn Manson, The Debt Collector, Part 1
","
FinalAppearance
SO Chapter 39 - Marilyn Manson, The Debt Collector, Part 6
"
Lang Rangler,Age not Confirmed,"
Stand
Jumpin' Jack Flash
","
Manga Debut
SO Chapter 40 - Savage Garden Strategy
","
FinalAppearance
SO Chapter 47 - Savage Garden Strategy, Part 8
"
Kenzou,"
Age
78[2]
","
Stand
Dragon's Dream
","
Manga Debut
SO Chapter 66 - The Secret of Guard Westwood, Part 7
","
FinalAppearance
SO Chapter 74 - Burn, Dragon's Dream, Part 7
"
D an G,Age not Confirmed,"
Stand
Yo-Yo Ma
","
Manga Debut
SO Chapter 66 - The Secret of Guard Westwood, Part 7
","
FinalAppearance
SO Chapter 85 - Awaken, Part 1
"
Guccio,"
Age
31[1]
","
Stand
Survivor
","
Manga Debut
SO Chapter 78 - Yo-Yo Ma Is Coming!, Part 1
","
FinalAppearance
SO Chapter 84 - F.F. - The Witness, Part 2
"
Viviano Westwood,"
Age
28[1]
","
Stand
Planet Waves
","
Manga Debut
SO Chapter 60 - The Secret of Guard Westwood, Part 1
","
FinalAppearance
SO Chapter 66 - The Secret of Guard Westwood, Part 7
"
Thunder McQueen,"
Age
27[1]
","
Stand
Highway to Hell
","
Manga Debut
SO Chapter 21 - Ermes' Sticker, Part 1
","
FinalAppearance
SO Chapter 25 - Ermes' Sticker, Part 5
"
Romeo Jisso,"
Age
Late teens to early 20s
",No Stand,"
Manga Debut
SO Chapter 2 - Stone Ocean, Part 2
","
FinalAppearance
SO Chapter 111 - Long Time No See, Romeo
"
Perla Pucci,"
Age
14[2]
",No Stand,"
Manga Debut
SO Chapter 127 - Heavy Weather, Part 3
","
FinalAppearance
SO Chapter 129 - Heavy Weather, Part 5
"
Loccobarocco,Age not Confirmed,No Stand,"
Manga Debut
SO Chapter 3 - Stone Ocean, Part 3
","
FinalAppearance
SO Chapter 26 - There's Six of Them!, Part 1
"
Johnny Joestar,"
Age
19 (Part 7)[3]29 (Part 8)[4]
","
Stand
Tusk
","
Manga Debut
SBR Chapter 2 - Gyro Zeppeli
","
FinalAppearance
SBR Chapter 95 - The World of the Stars and Stripes -OutroJJL Chapter 22 - Morioh Town: Year 1901  (Appears in flashback(s))  (Death)
"
Gyro Zeppeli,"
Age
24[2]
","
Stand
Ball Breaker(via Steel Ball)[1]
","
Manga Debut
SBR Chapter 1 - The Steel Ball Run: Press Conference
","
FinalAppearance
SBR Chapter 84 - Ball Breaker, Part 2
"
Lucy Steel,"
Age
14[2]
","
Stand
Ticket to Ride
","
Manga Debut
SBR Chapter 1 - The Steel Ball Run: Press Conference
","
FinalAppearance
SBR Chapter 95 - The World of the Stars and Stripes -Outro
"
Steven Steel,"
Age
51 (volume 2)53 (volume 17)[2]
",No Stand,"
Manga Debut
SBR Chapter 1 - The Steel Ball Run: Press Conference
","
FinalAppearance
SBR Chapter 95 - The World of the Stars and Stripes -Outro
"
Hot Pants,"
Age
23[2]
","
Stand
Cream Starter
","
Manga Debut
SBR Chapter 32 - Third Stage: Cannon City
","
FinalAppearance
SBR Chapter 77 - D4C, Part 10
"
Mountain Tim,"
Age
31[1]
","
Stand
Oh! Lonesome Me
","
Manga Debut
SBR Chapter 1 - The Steel Ball Run: Press Conference
","
FinalAppearance
SBR Chapter 37 - The Green Tomb, Part 2
"
Diego Brando,"
Age
20[1]
","
Stand
Scary Monsters (via Saint's Corpse)
","
Manga Debut
SBR Chapter 1 - The Steel Ball Run: Press Conference
","
FinalAppearance
SBR Chapter 76 - D4C, Part 9
"
Wekapipo,"
Age
31[2]
",No Stand,"
Manga Debut
SBR Chapter 51 - Wrecking Ball, Part 1
","
FinalAppearance
SBR Chapter 70 - D4C, Part 5
"
Pocoloco,"
Age
21[3]
","
Stand
Hey Ya!
","
Manga Debut
SBR Chapter 2 - Gyro Zeppeli
","
FinalAppearance
SBR Chapter 94 - The World of the Stars and Stripes
"
Norisuke Higashikata I,"
Age
68[1]
",No Stand,"
Manga Debut
SBR Chapter 40 - Silent Way, Part 1
","
FinalAppearance
SBR Chapter 95 - The World of the Stars and Stripes -Outro
"
Funny Valentine,"
Age
48[2]
","
Stand
Dirty Deeds Done Dirt Cheap
","
Manga Debut
SBR Chapter 25 - Tusk, Part 1
","
FinalAppearance
SBR Chapter 89 - Break My Heart, Break Your Heart, Part 2  (Death)SBR Chapter 91 - High Voltage, Part 2  (Appears in flashback(s))
"
Blackmore,Age not Confirmed,"
Stand
Catch the Rainbow
","
Manga Debut
SBR Chapter 36 - The Green Tomb, Part 1
","
FinalAppearance
SBR Chapter 39 - Catch the Rainbow (On a Stormy Night...), Part 2
"
Mike O.,Age not Confirmed,"
Stand
Tubular Bells
","
Manga Debut
SBR Chapter 48 - Tubular Bells, Part 1
","
FinalAppearance
SBR Chapter 50 - Tubular Bells, Part 3
"
Ringo Roadagain,Age not Confirmed,"
Stand
Mandom
","
Manga Debut
SBR Chapter 33 - A Man's World, Part 1
","
FinalAppearance
SBR Chapter 35 - A Man's World, Part 3
"
Axl RO,Age not Confirmed,"
Stand
Civil War
","
Manga Debut
SBR Chapter 56 - Civil War, Part 1  (Voice only)SBR Chapter 58 - Civil War, Part 3  (1st full appearance)
","
FinalAppearance
SBR Chapter 59 - A Dream of Gettysburg
"
Magenta Magenta,"
Age
Less than 31[2]
","
Stand
20th Century Boy
","
Manga Debut
SBR Chapter 51 - Wrecking Ball, Part 1
","
FinalAppearance
SBR Chapter 62 - Dirty Deeds Done Dirt Cheap
"
Dr. Ferdinand,Age not Confirmed,"
Stand
Scary Monsters
","
Manga Debut
SBR Chapter 31 - Scary Monsters, Part 4
","
FinalAppearance
SBR Chapter 31 - Scary Monsters, Part 4
"
D-I-S-C-O,Age not Confirmed,"
Stand
Chocolate Disco
","
Manga Debut
SBR Chapter 64 - Chocolate Disco, Part 1
","
FinalAppearance
SBR Chapter 69 - D4C, Part 4
"
Eleven Men,Age not Confirmed,"
Stand
Tatoo You!
","
Manga Debut
SBR Chapter 45 - The Land of Promises: Sugar Mountain, Part 1
","
FinalAppearance
SBR Chapter 47 - The Land of Promises: Sugar Mountain, Part 3  (Dead except one)SBR Chapter 48 - Tubular Bells, Part 1  (Only one)
"
Pork Pie Hat Kid,Age not Confirmed,"
Stand
Wired
","
Manga Debut
SBR Chapter 25 - Tusk, Part 1
","
FinalAppearance
SBR Chapter 27 - Tusk, Part 3
"
Diego Brando From Another World,"
Age
20[citation needed]
","
Stand
THE WORLD
","
Manga Debut
SBR Chapter 90 - High Voltage, Part 1
","
FinalAppearance
SBR Chapter 95 - The World of the Stars and Stripes -Outro
"
Sandman,Age not Confirmed,"
Stand
In a Silent Way
","
Manga Debut
SBR Chapter 1 - The Steel Ball Run: Press Conference
","
FinalAppearance
SBR Chapter 44 - Silent Way, Part 5
"
Benjamin Boom Boom,Age not Confirmed,"
Stand
Tomb of the Boom 1
","
Manga Debut
SBR Chapter 15 - The Desert Born Outlaws, Part 1
","
FinalAppearance
SBR Chapter 19 - The Devil's Palm, Part 2
"
Andre Boom Boom,Age not Confirmed,"
Stand
Tomb of the Boom 2
","
Manga Debut
SBR Chapter 15 - The Desert Born Outlaws, Part 1
","
FinalAppearance
SBR Chapter 18 - The Devil's Palm, Part 1
"
L. A. Boom Boom,Age not Confirmed,"
Stand
Tomb of the Boom 3
","
Manga Debut
SBR Chapter 15 - The Desert Born Outlaws, Part 1
","
FinalAppearance
SBR Chapter 20 - Gyro Zeppeli's Mission, Part 1
"
Mrs. Robinson,Age not Confirmed,No Stand,"
Manga Debut
SBR Chapter 13 - The Sheriff's Request to Mountain Tim
","
FinalAppearance
SBR Chapter 14 - Across the Arizona Desert: Continuing Along the Shortest Route
"
Oyecomova,"
Age
25-29[1]
","
Stand
Boku no Rhythm woKiitekure
","
Manga Debut
SBR Chapter 21Gyro Zeppeli's Mission (2)
","
FinalAppearance
SBR Chapter 23The Terrorist froma Faraway Country (2)
"
Sugar Mountain,"
Age
~66[2]
",No Stand,"
Manga Debut
SBR Chapter 45 - The Land of Promises: Sugar Mountain, Part 1
","
FinalAppearance
SBR Chapter 48 - Tubular Bells, Part 1
"
Scarlet Valentine,Age not Confirmed,No Stand,"
Manga Debut
SBR Chapter 48 - Tubular Bells, Part 1
","
FinalAppearance
SBR Chapter 50 - Tubular Bells, Part 3
"
Jesus,Age not Confirmed,No Stand,"
Manga Debut
SBR Chapter 25 - Tusk, Part 1
","
FinalAppearance
SBR Chapter 67 - D4C, Part 2
"
Gregorio Zeppeli,Age not Confirmed,No Stand,"
Manga Debut
SBR Chapter 20 - Gyro Zeppeli's Mission, Part 1
","
FinalAppearance
SBR Chapter 84 - Ball Breaker, Part 2
"
George Joestar I (Steel Ball Run),Age not Confirmed,No Stand,"
Manga Debut
SBR Chapter 3 - Johnny JoestarSBR Chapter 42 - Silent Way, Part 3  (1st full appearance)
","
FinalAppearance
SBR Chapter 91 - High Voltage, Part 2
"
Nicholas Joestar,"
Age
14[1]
",No Stand,"
Manga Debut
SBR Chapter 42 - Silent Way, Part 3
","
FinalAppearance
SBR Chapter 89 - Break My Heart, Break Your Heart, Part 2
"
Marco,"
Age
9[1]
",No Stand,"
Manga Debut
SBR Chapter 15 - The Desert Born Outlaws, Part 1
","
FinalAppearance
SBR Chapter 95 - The World of the Stars and Stripes -Outro
"
Josuke Higashikata,"
Age
19[1]  (Tentative)
","
Stand
Soft & Wet
",No stated Manga departure,"
FinalAppearance
SBR Chapter 95 - The World of the Stars and Stripes -Outro
"
Yasuho Hirose,"
Age
19 [1]
","
Stand
Paisley Park
",No stated Manga departure,"
FinalAppearance
SBR Chapter 95 - The World of the Stars and Stripes -Outro
"
Rai Mamezuku,"
Age
31[2]
","
Stand
Doggy Style
",No stated Manga departure,"
FinalAppearance
SBR Chapter 95 - The World of the Stars and Stripes -Outro
"
Joshu Higashikata,"
Age
19[1]
","
Stand
Nut King Call
",No stated Manga departure,"
FinalAppearance
SBR Chapter 95 - The World of the Stars and Stripes -Outro
"
Tsurugi Higashikata,"
Age
9[1] (originally depicted as 2)
","
Stand
Paper Moon King
",No stated Manga departure,"
FinalAppearance
SBR Chapter 95 - The World of the Stars and Stripes -Outro
"
Norisuke Higashikata IV,"
Age
59[2]
","
Stand
King Nothing
","
Manga Debut
JJL Chapter 6 - Soft & Wet, Part 5
","
FinalAppearance
JJL Chapter 95 - '
"
Daiya Higashikata,"
Age
16[1]
","
Stand
California King Bed
",No stated Manga departure,"
FinalAppearance
JJL Chapter 95 - '
"
Hato Higashikata,"
Age
24[1]
","
Stand
Walking Heart
",No stated Manga departure,"
FinalAppearance
JJL Chapter 95 - '
"
Jobin Higashikata,"
Age
32[1]
","
Stand
Speed King
",No stated Manga departure,"
FinalAppearance
JJL Chapter 95 - '
"
Mitsuba Higashikata,"
Age
31[1]
","
Stand
Awaking III Leaves
",No stated Manga departure,"
FinalAppearance
JJL Chapter 95 - '
"
Kaato Higashikata,"
Age
52[1]
","
Stand
Unnamed Card Stand
",No stated Manga departure,"
FinalAppearance
JJL Chapter 95 - '
"
Kyo Nijimura,"
Age
22[1]
","
Stand
Born This Way
",No stated Manga departure,"
FinalAppearance
JJL Chapter 95 - '
"
Yoshikage Kira,"
Age
29[1]
","
Stand
Killer Queen
",No stated Manga departure,"
FinalAppearance
JJL Chapter 95 - '
"
Josefumi Kujo,"
Age
19[1]
","
Stand
Soft & Wet
",No stated Manga departure,"
FinalAppearance
JJL Chapter 95 - '
"
Karera Sakunami,"
Age
20[1]
","
Stand
Love Love Deluxe
",No stated Manga departure,"
FinalAppearance
JJL Chapter 95 - '
"
Holy Joestar-Kira,"
Age
52[1]
",No Stand,No stated Manga departure,"
FinalAppearance
JJL Chapter 95 - '
"
Tamaki Damo,"
Age
23[1](Self-proclaimed)
","
Stand
Vitamin C
","
Manga Debut
JJL Chapter 47 - Hato Brought Her Boyfriend Home, Part 1
","
FinalAppearance
JJL Chapter 55 - Walking Heart, Breaking Heart
"
Yotsuyu Yagiyama,"
Age
28[1]
","
Stand
I Am a Rock
","
Manga Debut
JJL Chapter 26 - Tsurugi Higashikata's Goal, and the Architect
","
FinalAppearance
JJL Chapter 32 - 'I Am a Rock', Part 2
"
Aisho Dainenjiyama,"
Age
29[1]
","
Stand
Doobie Wah!
","
Manga Debut
JJL Chapter 38 - Jobin Higashikata Is a Stand User
","
FinalAppearance
JJL Chapter 42 - Doobie Wah, Part 4
"
A. Phex Brothers,Age not Confirmed,"
Stand
Schott Key No.1 (Elder brother)Schott Key No.2 (Younger brother)
","
Manga Debut
JJL Chapter 44 - Love Love Deluxe, Part 2
","
FinalAppearance
JJL Chapter 46 - Love Love Deluxe, Part 4
"
Dolomite,"
Age
39[2]
","
Stand
Blue Hawaii
",No stated Manga departure,"
FinalAppearance
JJL Chapter 46 - Love Love Deluxe, Part 4
"
Urban Guerrilla,"
Age
38 (claimed)[1]
","
Stand
Brain Storm
",No stated Manga departure,"
FinalAppearance
JJL Chapter 46 - Love Love Deluxe, Part 4
"
Doremifasolati Do,Age not Confirmed,No Stand,No stated Manga departure,"
FinalAppearance
JJL Chapter 46 - Love Love Deluxe, Part 4
"
Poor Tom,"
Age
57 (claimed)[1]
","
Stand
Ozon Baby
",No stated Manga departure,"
FinalAppearance
JJL Chapter 46 - Love Love Deluxe, Part 4
"
Wu Tomoki,"
Age
~33 (claimed)[3]~70[4]
","
Stand
Doctor Wu
",No stated Manga departure,"
FinalAppearance
JJL Chapter 46 - Love Love Deluxe, Part 4
"
Satoru Akefu,"
Age
89 (allegedly)
","
Stand
Unnamed Humanoid Stand
",No stated Manga departure,"
FinalAppearance
JJL Chapter 46 - Love Love Deluxe, Part 4
"
Tooru,Age not Confirmed,No Stand,No stated Manga departure,"
FinalAppearance
JJL Chapter 46 - Love Love Deluxe, Part 4
"
Ojiro Sasame,"
Age
22 (Chapter 6)[1]23 (Chapter 87)[2]
","
Stand
Fun Fun Fun
","
Manga Debut
JJL Chapter 5 - Soft & Wet, Part 4
","
FinalAppearance
JJL Chapter 88 - Ojiro Again, Part 2
"
Suzuyo Hirose,"
Age
44[2]
",No Stand,No stated Manga departure,"
FinalAppearance
JJL Chapter 88 - Ojiro Again, Part 2
"
